2026-01-05 02:02:39,system,STUDENT_ADDED,test_student_999,Test Name
2026-01-05 02:02:39,system,STUDENT_DELETED,test_student_999,Test Name
2026-01-05 02:02:39,system,QUESTION_ADDED,TF,Temp Question
2026-01-05 02:02:39,system,QUESTION_DELETED,True/False,Temp Question
2026-01-05 02:02:39,system,STUDENT_ADDED,test_student_999,Test Name
2026-01-05 02:02:39,system,STUDENT_DELETED,test_student_999,Test Name
2026-01-05 02:02:39,system,QUESTION_ADDED,TF,Temp Question
2026-01-05 02:02:39,system,QUESTION_DELETED,True/False,Temp Question
2026-01-05 02:06:15,system,STUDENT_ADDED,test_student_999,Test Name
2026-01-05 02:06:15,system,STUDENT_DELETED,test_student_999,Test Name
2026-01-05 02:06:15,system,QUESTION_ADDED,TF,Temp Question
2026-01-05 02:06:15,system,QUESTION_DELETED,True/False,Temp Question
2026-01-05 02:06:15,system,STUDENT_ADDED,test_student_999,Test Name
2026-01-05 02:06:15,system,STUDENT_DELETED,test_student_999,Test Name
2026-01-05 02:06:15,system,QUESTION_ADDED,TF,Temp Question
2026-01-05 02:06:15,system,QUESTION_DELETED,True/False,Temp Question
2026-01-05 02:10:13,system,STUDENT_ADDED,test_student_999,Test Name
2026-01-05 02:10:13,system,STUDENT_DELETED,test_student_999,Test Name
2026-01-05 02:10:13,system,QUESTION_ADDED,TF,Temp Question
2026-01-05 02:10:13,system,QUESTION_DELETED,True/False,Temp Question
2026-01-05 02:10:13,system,STUDENT_ADDED,test_student_999,Test Name
2026-01-05 02:10:13,system,STUDENT_DELETED,test_student_999,Test Name
2026-01-05 02:10:13,system,QUESTION_ADDED,TF,Temp Question
2026-01-05 02:10:13,system,QUESTION_DELETED,True/False,Temp Question
2026-01-05 02:16:05,system,STUDENT_ADDED,test_999,Test User
2026-01-05 02:16:05,system,STUDENT_DELETED,test_999,Test User
2026-01-05 02:16:05,system,QUESTION_ADDED,TF,Test Question
2026-01-05 02:16:05,system,QUESTION_DELETED,True/False,Test Question
2026-01-05 02:16:05,system,STUDENT_ADDED,find_test_123,Find Test
2026-01-05 02:16:05,system,STUDENT_DELETED,find_test_123,Find Test
2026-01-05 02:16:05,system,SETTINGS_CHANGED,Timer,180 seconds
2026-01-05 02:16:05,system,SETTINGS_CHANGED,Timer,Enabled
2026-01-05 02:16:05,system,SETTINGS_CHANGED,Shuffle,Enabled
2026-01-05 02:16:05,system,SETTINGS_CHANGED,Timer,10 seconds
2026-01-05 02:18:45,system,STUDENT_ADDED,test_999,Test User
2026-01-05 02:18:45,system,STUDENT_DELETED,test_999,Test User
2026-01-05 02:18:45,system,QUESTION_ADDED,TF,Test Question
2026-01-05 02:18:45,system,QUESTION_DELETED,True/False,Test Question
2026-01-05 02:18:45,system,STUDENT_ADDED,find_test_123,Find Test
2026-01-05 02:18:45,system,STUDENT_DELETED,find_test_123,Find Test
2026-01-05 02:18:45,system,SETTINGS_CHANGED,Timer,180 seconds
2026-01-05 02:18:45,system,SETTINGS_CHANGED,Timer,Enabled
2026-01-05 02:18:45,system,SETTINGS_CHANGED,Shuffle,Enabled
2026-01-05 02:18:45,system,SETTINGS_CHANGED,Timer,10 seconds
2026-01-05 02:18:45,system,STUDENT_ADDED,test_student_999,Test Name
2026-01-05 02:18:45,system,STUDENT_DELETED,test_student_999,Test Name
2026-01-05 02:18:45,system,QUESTION_ADDED,TF,Temp Question
2026-01-05 02:18:45,system,QUESTION_DELETED,True/False,Temp Question
2026-01-05 02:20:18,system,STUDENT_ADDED,test_999,Test User
2026-01-05 02:20:18,system,STUDENT_DELETED,test_999,Test User
2026-01-05 02:20:18,system,QUESTION_ADDED,TF,Test Question
2026-01-05 02:20:18,system,QUESTION_DELETED,True/False,Test Question
2026-01-05 02:20:18,system,STUDENT_ADDED,find_test_123,Find Test
2026-01-05 02:20:18,system,STUDENT_DELETED,find_test_123,Find Test
2026-01-05 02:20:18,system,SETTINGS_CHANGED,Timer,180 seconds
2026-01-05 02:20:18,system,SETTINGS_CHANGED,Timer,Enabled
2026-01-05 02:20:18,system,SETTINGS_CHANGED,Shuffle,Enabled
2026-01-05 02:20:18,system,SETTINGS_CHANGED,Timer,10 seconds
2026-01-05 02:30:08,system,STUDENT_ADDED,test_999,Test User
2026-01-05 02:30:08,system,STUDENT_DELETED,test_999,Test User
2026-01-05 02:30:08,system,QUESTION_ADDED,TF,Test Question
2026-01-05 02:30:08,system,QUESTION_DELETED,True/False,Test Question
2026-01-05 02:30:08,system,STUDENT_ADDED,find_test_123,Find Test
2026-01-05 02:30:08,system,STUDENT_DELETED,find_test_123,Find Test
2026-01-05 02:30:08,system,SETTINGS_CHANGED,Timer,180 seconds
2026-01-05 02:30:08,system,SETTINGS_CHANGED,Timer,Enabled
2026-01-05 02:30:08,system,SETTINGS_CHANGED,Shuffle,Enabled
2026-01-05 02:30:08,system,SETTINGS_CHANGED,Timer,10 seconds
2026-01-05 02:34:23,system,STUDENT_ADDED,test_999,Test User
2026-01-05 02:34:23,system,STUDENT_DELETED,test_999,Test User
2026-01-05 02:34:23,system,QUESTION_ADDED,TF,Test Question
2026-01-05 02:34:23,system,QUESTION_DELETED,True/False,Test Question
2026-01-05 02:34:23,system,STUDENT_ADDED,find_test_123,Find Test
2026-01-05 02:34:23,system,STUDENT_DELETED,find_test_123,Find Test
2026-01-05 02:34:23,system,SETTINGS_CHANGED,Timer,180 seconds
2026-01-05 02:34:23,system,SETTINGS_CHANGED,Timer,Enabled
2026-01-05 02:34:23,system,SETTINGS_CHANGED,Shuffle,Enabled
2026-01-05 02:34:23,system,SETTINGS_CHANGED,Timer,10 seconds
2026-01-05 02:41:50,root,SETTINGS_CHANGED,Timer,Enabled
2026-01-05 03:20:08,system,STUDENT_ADDED,test_999,Test User
2026-01-05 03:20:08,system,STUDENT_DELETED,test_999,Test User
2026-01-05 03:20:08,system,QUESTION_ADDED,TF,Test Question
2026-01-05 03:20:08,system,QUESTION_DELETED,True/False,Test Question
2026-01-05 03:20:08,system,STUDENT_ADDED,find_test_123,Find Test
2026-01-05 03:20:08,system,STUDENT_DELETED,find_test_123,Find Test
2026-01-05 03:20:08,system,SETTINGS_CHANGED,Timer,180 seconds
2026-01-05 03:20:08,system,SETTINGS_CHANGED,Timer,Enabled
2026-01-05 03:20:08,system,SETTINGS_CHANGED,Shuffle,Enabled
2026-01-05 03:20:08,system,SETTINGS_CHANGED,Timer,10 seconds
2026-01-05 22:53:02,system,STUDENT_ADDED,test_999,Test User
2026-01-05 22:53:02,system,STUDENT_DELETED,test_999,Test User
2026-01-05 22:53:02,system,QUESTION_ADDED,True/False,Test Question
2026-01-05 22:53:02,system,QUESTION_DELETED,True/False,Test Question
2026-01-05 22:53:02,system,STUDENT_ADDED,find_test_123,Find Test
2026-01-05 22:53:02,system,STUDENT_DELETED,find_test_123,Find Test
2026-01-05 22:53:02,system,SETTINGS_CHANGED,Timer,180 seconds
2026-01-05 22:53:02,system,SETTINGS_CHANGED,Timer,Enabled
2026-01-05 22:53:02,system,SETTINGS_CHANGED,Shuffle,Enabled
2026-01-05 22:53:02,system,SETTINGS_CHANGED,Timer,10 seconds
2026-01-05 23:41:37,system,STUDENT_ADDED,test_999,Test User
2026-01-05 23:41:37,system,STUDENT_DELETED,test_999,Test User
2026-01-05 23:41:37,system,QUESTION_ADDED,True/False,Test Question
2026-01-05 23:41:37,system,QUESTION_DELETED,True/False,Test Question
2026-01-05 23:41:37,system,STUDENT_ADDED,find_test_123,Find Test
2026-01-05 23:41:37,system,STUDENT_DELETED,find_test_123,Find Test
2026-01-05 23:41:37,system,SETTINGS_CHANGED,Timer,180 seconds
2026-01-05 23:41:37,system,SETTINGS_CHANGED,Timer,Enabled
2026-01-05 23:41:37,system,SETTINGS_CHANGED,Shuffle,Enabled
2026-01-05 23:41:37,system,SETTINGS_CHANGED,Timer,10 seconds
2026-01-06 03:37:47,system,STUDENT_ADDED,find_test_123,Find Test
2026-01-06 03:37:47,system,STUDENT_DELETED,find_test_123,Find Test
2026-01-06 03:37:47,system,SETTINGS_CHANGED,Timer,180 seconds
2026-01-06 03:37:47,system,SETTINGS_CHANGED,Timer,Enabled
2026-01-06 03:37:47,system,SETTINGS_CHANGED,Shuffle,Enabled
2026-01-06 03:37:47,system,SETTINGS_CHANGED,Timer,10 seconds
2026-01-06 03:37:47,system,QUESTION_ADDED,True/False,Test Question
2026-01-06 03:37:47,system,QUESTION_DELETED,True/False,Test Question
2026-01-06 03:37:47,system,STUDENT_ADDED,test_999,Test User
2026-01-06 03:37:47,system,STUDENT_DELETED,test_999,Test User
2026-01-06 03:38:51,system,STUDENT_ADDED,find_test_123,Find Test
2026-01-06 03:38:51,system,STUDENT_DELETED,find_test_123,Find Test
2026-01-06 03:38:51,system,SETTINGS_CHANGED,Timer,180 seconds
2026-01-06 03:38:51,system,SETTINGS_CHANGED,Timer,Enabled
2026-01-06 03:38:51,system,SETTINGS_CHANGED,Shuffle,Enabled
2026-01-06 03:38:51,system,SETTINGS_CHANGED,Timer,10 seconds
2026-01-06 03:38:51,system,QUESTION_ADDED,True/False,Test Question
2026-01-06 03:38:51,system,QUESTION_DELETED,True/False,Test Question
2026-01-06 03:38:51,system,STUDENT_ADDED,test_999,Test User
2026-01-06 03:38:51,system,STUDENT_DELETED,test_999,Test User
2026-01-06 03:39:06,system,STUDENT_ADDED,find_test_123,Find Test
2026-01-06 03:39:06,system,STUDENT_DELETED,find_test_123,Find Test
2026-01-06 03:39:06,system,SETTINGS_CHANGED,Timer,180 seconds
2026-01-06 03:39:06,system,SETTINGS_CHANGED,Timer,Enabled
2026-01-06 03:39:06,system,SETTINGS_CHANGED,Shuffle,Enabled
2026-01-06 03:39:06,system,SETTINGS_CHANGED,Timer,10 seconds
2026-01-06 03:39:06,system,QUESTION_ADDED,True/False,Test Question
2026-01-06 03:39:06,system,QUESTION_DELETED,True/False,Test Question
2026-01-06 03:39:06,system,STUDENT_ADDED,test_999,Test User
2026-01-06 03:39:06,system,STUDENT_DELETED,test_999,Test User
2026-01-06 03:39:17,system,STUDENT_ADDED,find_test_123,Find Test
2026-01-06 03:39:17,system,STUDENT_DELETED,find_test_123,Find Test
2026-01-06 03:39:17,system,SETTINGS_CHANGED,Timer,180 seconds
2026-01-06 03:39:17,system,SETTINGS_CHANGED,Timer,Enabled
2026-01-06 03:39:17,system,SETTINGS_CHANGED,Shuffle,Enabled
2026-01-06 03:39:17,system,SETTINGS_CHANGED,Timer,10 seconds
2026-01-06 03:39:17,system,QUESTION_ADDED,True/False,Test Question
2026-01-06 03:39:17,system,QUESTION_DELETED,True/False,Test Question
2026-01-06 03:39:17,system,STUDENT_ADDED,test_999,Test User
2026-01-06 03:39:17,system,STUDENT_DELETED,test_999,Test User
2026-01-06 03:40:00,system,STUDENT_ADDED,find_test_123,Find Test
2026-01-06 03:40:00,system,STUDENT_DELETED,find_test_123,Find Test
2026-01-06 03:40:00,system,SETTINGS_CHANGED,Timer,180 seconds
2026-01-06 03:40:00,system,SETTINGS_CHANGED,Timer,Enabled
2026-01-06 03:40:00,system,SETTINGS_CHANGED,Shuffle,Enabled
2026-01-06 03:40:00,system,SETTINGS_CHANGED,Timer,10 seconds
2026-01-06 03:40:00,system,QUESTION_ADDED,True/False,Test Question
2026-01-06 03:40:00,system,QUESTION_DELETED,True/False,Test Question
2026-01-06 03:40:00,system,STUDENT_ADDED,test_999,Test User
2026-01-06 03:40:00,system,STUDENT_DELETED,test_999,Test User
2026-01-06 03:51:28,system,STUDENT_ADDED,find_test_123,Find Test
2026-01-06 03:51:28,system,STUDENT_DELETED,find_test_123,Find Test
2026-01-06 03:51:28,system,SETTINGS_CHANGED,Timer,180 seconds
2026-01-06 03:51:28,system,SETTINGS_CHANGED,Timer,Enabled
2026-01-06 03:51:28,system,SETTINGS_CHANGED,Shuffle,Enabled
2026-01-06 03:51:28,system,SETTINGS_CHANGED,Timer,10 seconds
2026-01-06 03:51:28,system,QUESTION_ADDED,True/False,Test Question
2026-01-06 03:51:28,system,QUESTION_DELETED,True/False,Test Question
2026-01-06 03:51:28,system,STUDENT_ADDED,test_999,Test User
2026-01-06 03:51:28,system,STUDENT_DELETED,test_999,Test User
2026-01-06 03:58:07,system,STUDENT_ADDED,find_test_123,Find Test
2026-01-06 03:58:07,system,STUDENT_DELETED,find_test_123,Find Test
2026-01-06 03:58:07,system,SETTINGS_CHANGED,Timer,180 seconds
2026-01-06 03:58:07,system,SETTINGS_CHANGED,Timer,Enabled
2026-01-06 03:58:07,system,SETTINGS_CHANGED,Shuffle,Enabled
2026-01-06 03:58:07,system,SETTINGS_CHANGED,Timer,10 seconds
2026-01-06 03:58:07,system,QUESTION_ADDED,True/False,Test Question
2026-01-06 03:58:07,system,QUESTION_DELETED,True/False,Test Question
2026-01-06 03:58:07,system,STUDENT_ADDED,test_999,Test User
2026-01-06 03:58:07,system,STUDENT_DELETED,test_999,Test User
2026-01-06 03:58:16,system,STUDENT_ADDED,find_test_123,Find Test
2026-01-06 03:58:16,system,STUDENT_DELETED,find_test_123,Find Test
2026-01-06 03:58:16,system,SETTINGS_CHANGED,Timer,180 seconds
2026-01-06 03:58:16,system,SETTINGS_CHANGED,Timer,Enabled
2026-01-06 03:58:16,system,SETTINGS_CHANGED,Shuffle,Enabled
2026-01-06 03:58:16,system,SETTINGS_CHANGED,Timer,10 seconds
2026-01-06 03:58:16,system,QUESTION_ADDED,True/False,Test Question
2026-01-06 03:58:16,system,QUESTION_DELETED,True/False,Test Question
2026-01-06 03:58:16,system,STUDENT_ADDED,test_999,Test User
2026-01-06 03:58:16,system,STUDENT_DELETED,test_999,Test User
2026-01-06 04:49:52,system,STUDENT_ADDED,find_test_123,Find Test
2026-01-06 04:49:52,system,STUDENT_DELETED,find_test_123,Find Test
2026-01-06 04:49:52,system,SETTINGS_CHANGED,Timer,180 seconds
2026-01-06 04:49:52,system,SETTINGS_CHANGED,Timer,Enabled
2026-01-06 04:49:52,system,SETTINGS_CHANGED,Shuffle,Enabled
2026-01-06 04:49:52,system,SETTINGS_CHANGED,Timer,10 seconds
2026-01-06 04:49:52,system,QUESTION_ADDED,True/False,Test Question
2026-01-06 04:49:52,system,QUESTION_DELETED,True/False,Test Question
2026-01-06 04:49:52,system,STUDENT_ADDED,test_999,Test User
2026-01-06 04:49:52,system,STUDENT_DELETED,test_999,Test User
2026-01-06 05:02:33,system,STUDENT_ADDED,find_test_123,Find Test
2026-01-06 05:02:33,system,STUDENT_DELETED,find_test_123,Find Test
2026-01-06 05:02:33,system,SETTINGS_CHANGED,Timer,180 seconds
2026-01-06 05:02:33,system,SETTINGS_CHANGED,Timer,Enabled
2026-01-06 05:02:33,system,SETTINGS_CHANGED,Shuffle,Enabled
2026-01-06 05:02:33,system,SETTINGS_CHANGED,Timer,10 seconds
2026-01-06 05:02:33,system,QUESTION_ADDED,True/False,Test Question
2026-01-06 05:02:33,system,QUESTION_DELETED,True/False,Test Question
2026-01-06 05:02:33,system,STUDENT_ADDED,test_999,Test User
2026-01-06 05:02:33,system,STUDENT_DELETED,test_999,Test User
2026-01-06 08:06:03,system,STUDENT_ADDED,find_test_123,Find Test
2026-01-06 08:06:03,system,STUDENT_DELETED,find_test_123,Find Test
2026-01-06 08:06:03,system,SETTINGS_CHANGED,Timer,180 seconds
2026-01-06 08:06:03,system,SETTINGS_CHANGED,Timer,Enabled
2026-01-06 08:06:03,system,SETTINGS_CHANGED,Shuffle,Enabled
2026-01-06 08:06:03,system,SETTINGS_CHANGED,Timer,10 seconds
2026-01-06 08:06:03,system,QUESTION_ADDED,True/False,Test Question
2026-01-06 08:06:03,system,QUESTION_DELETED,True/False,Test Question
2026-01-06 08:06:03,system,STUDENT_ADDED,test_999,Test User
2026-01-06 08:06:03,system,STUDENT_DELETED,test_999,Test User
2026-01-06 08:06:17,system,STUDENT_ADDED,find_test_123,Find Test
2026-01-06 08:06:17,system,STUDENT_DELETED,find_test_123,Find Test
2026-01-06 08:06:17,system,SETTINGS_CHANGED,Timer,180 seconds
2026-01-06 08:06:17,system,SETTINGS_CHANGED,Timer,Enabled
2026-01-06 08:06:17,system,SETTINGS_CHANGED,Shuffle,Enabled
2026-01-06 08:06:17,system,SETTINGS_CHANGED,Timer,10 seconds
2026-01-06 08:06:17,system,QUESTION_ADDED,True/False,Test Question
2026-01-06 08:06:17,system,QUESTION_DELETED,True/False,Test Question
2026-01-06 08:06:17,system,STUDENT_ADDED,test_999,Test User
2026-01-06 08:06:17,system,STUDENT_DELETED,test_999,Test User
2026-01-06 16:35:30,system,STUDENT_ADDED,find_test_123,Find Test
2026-01-06 16:35:30,system,STUDENT_DELETED,find_test_123,Find Test
2026-01-06 16:35:30,system,SETTINGS_CHANGED,Timer,180 seconds
2026-01-06 16:35:30,system,SETTINGS_CHANGED,Timer,Enabled
2026-01-06 16:35:30,system,SETTINGS_CHANGED,Shuffle,Enabled
2026-01-06 16:35:30,system,SETTINGS_CHANGED,Timer,10 seconds
2026-01-06 16:35:30,system,QUESTION_ADDED,True/False,Test Question
2026-01-06 16:35:30,system,QUESTION_DELETED,True/False,Test Question
2026-01-06 16:35:30,system,STUDENT_ADDED,test_999,Test User
2026-01-06 16:35:30,system,STUDENT_DELETED,test_999,Test User
2026-01-06 16:35:37,system,STUDENT_ADDED,find_test_123,Find Test
2026-01-06 16:35:37,system,STUDENT_DELETED,find_test_123,Find Test
2026-01-06 16:35:37,system,SETTINGS_CHANGED,Timer,180 seconds
2026-01-06 16:35:37,system,SETTINGS_CHANGED,Timer,Enabled
2026-01-06 16:35:37,system,SETTINGS_CHANGED,Shuffle,Enabled
2026-01-06 16:35:37,system,SETTINGS_CHANGED,Timer,10 seconds
2026-01-06 16:35:37,system,QUESTION_ADDED,True/False,Test Question
2026-01-06 16:35:37,system,QUESTION_DELETED,True/False,Test Question
2026-01-06 16:35:37,system,STUDENT_ADDED,test_999,Test User
2026-01-06 16:35:37,system,STUDENT_DELETED,test_999,Test User
2026-01-06 16:42:18,system,STUDENT_ADDED,test_student_999,Test Name
2026-01-06 16:42:18,system,STUDENT_DELETED,test_student_999,Test Name
2026-01-06 16:42:18,system,QUESTION_ADDED,True/False,Temp Question
2026-01-06 16:42:18,system,QUESTION_DELETED,True/False,Temp Question
2026-01-06 16:42:18,system,STUDENT_ADDED,test_student_999,Test Name
2026-01-06 16:42:18,system,STUDENT_DELETED,test_student_999,Test Name
2026-01-06 16:42:18,system,QUESTION_ADDED,True/False,Temp Question
2026-01-06 16:42:18,system,QUESTION_DELETED,True/False,Temp Question
2026-01-06 16:46:09,system,STUDENT_ADDED,find_test_123,Find Test
2026-01-06 16:46:09,system,STUDENT_DELETED,find_test_123,Find Test
2026-01-06 16:46:09,system,SETTINGS_CHANGED,Timer,180 seconds
2026-01-06 16:46:09,system,SETTINGS_CHANGED,Timer,Enabled
2026-01-06 16:46:09,system,SETTINGS_CHANGED,Shuffle,Enabled
2026-01-06 16:46:09,system,SETTINGS_CHANGED,Timer,10 seconds
2026-01-06 16:46:09,system,QUESTION_ADDED,True/False,Test Question
2026-01-06 16:46:09,system,QUESTION_DELETED,True/False,Test Question
2026-01-06 16:46:09,system,STUDENT_ADDED,test_999,Test User
2026-01-06 16:46:09,system,STUDENT_DELETED,test_999,Test User
2026-01-06 16:46:21,system,STUDENT_ADDED,find_test_123,Find Test
2026-01-06 16:46:21,system,STUDENT_DELETED,find_test_123,Find Test
2026-01-06 16:46:21,system,SETTINGS_CHANGED,Timer,180 seconds
2026-01-06 16:46:21,system,SETTINGS_CHANGED,Timer,Enabled
2026-01-06 16:46:21,system,SETTINGS_CHANGED,Shuffle,Enabled
2026-01-06 16:46:21,system,SETTINGS_CHANGED,Timer,10 seconds
2026-01-06 16:46:21,system,QUESTION_ADDED,True/False,Test Question
2026-01-06 16:46:21,system,QUESTION_DELETED,True/False,Test Question
2026-01-06 16:46:21,system,STUDENT_ADDED,test_999,Test User
2026-01-06 16:46:21,system,STUDENT_DELETED,test_999,Test User
2026-01-06 16:46:33,system,STUDENT_ADDED,test_student_999,Test Name
2026-01-06 16:46:33,system,STUDENT_DELETED,test_student_999,Test Name
2026-01-06 16:46:33,system,QUESTION_ADDED,True/False,Temp Question
2026-01-06 16:46:33,system,QUESTION_DELETED,True/False,Temp Question
2026-01-06 16:46:33,system,STUDENT_ADDED,test_student_999,Test Name
2026-01-06 16:46:33,system,STUDENT_DELETED,test_student_999,Test Name
2026-01-06 16:46:33,system,QUESTION_ADDED,True/False,Temp Question
2026-01-06 16:46:33,system,QUESTION_DELETED,True/False,Temp Question
2026-01-06 16:47:23,system,STUDENT_ADDED,test_student_999,Test Name
2026-01-06 16:47:23,system,STUDENT_DELETED,test_student_999,Test Name
2026-01-06 16:47:23,system,QUESTION_ADDED,True/False,Temp Question
2026-01-06 16:47:23,system,QUESTION_DELETED,True/False,Temp Question
2026-01-06 16:47:23,system,STUDENT_ADDED,test_student_999,Test Name
2026-01-06 16:47:23,system,STUDENT_DELETED,test_student_999,Test Name
2026-01-06 16:47:23,system,QUESTION_ADDED,True/False,Temp Question
2026-01-06 16:47:23,system,QUESTION_DELETED,True/False,Temp Question
2026-01-06 16:54:50,system,STUDENT_ADDED,find_test_123,Find Test
2026-01-06 16:54:50,system,STUDENT_DELETED,find_test_123,Find Test
2026-01-06 16:54:50,system,SETTINGS_CHANGED,Timer,180 seconds
2026-01-06 16:54:50,system,SETTINGS_CHANGED,Timer,Enabled
2026-01-06 16:54:50,system,SETTINGS_CHANGED,Shuffle,Enabled
2026-01-06 16:54:50,system,SETTINGS_CHANGED,Timer,10 seconds
2026-01-06 16:54:50,system,QUESTION_ADDED,True/False,Test Question
2026-01-06 16:54:50,system,QUESTION_DELETED,True/False,Test Question
2026-01-06 16:54:50,system,STUDENT_ADDED,test_999,Test User
2026-01-06 16:54:50,system,STUDENT_DELETED,test_999,Test User
2026-01-06 16:55:18,system,STUDENT_ADDED,test_student_999,Test Name
2026-01-06 16:55:18,system,STUDENT_DELETED,test_student_999,Test Name
2026-01-06 16:55:18,system,QUESTION_ADDED,True/False,Temp Question
2026-01-06 16:55:18,system,QUESTION_DELETED,True/False,Temp Question
2026-01-06 16:55:18,system,STUDENT_ADDED,test_student_999,Test Name
2026-01-06 16:55:18,system,STUDENT_DELETED,test_student_999,Test Name
2026-01-06 16:55:18,system,QUESTION_ADDED,True/False,Temp Question
2026-01-06 16:55:18,system,QUESTION_DELETED,True/False,Temp Question
2026-01-06 16:55:27,system,STUDENT_ADDED,test_student_999,Test Name
2026-01-06 16:55:27,system,STUDENT_DELETED,test_student_999,Test Name
2026-01-06 16:55:27,system,QUESTION_ADDED,True/False,Temp Question
2026-01-06 16:55:27,system,QUESTION_DELETED,True/False,Temp Question
2026-01-06 16:55:27,system,STUDENT_ADDED,test_student_999,Test Name
2026-01-06 16:55:27,system,STUDENT_DELETED,test_student_999,Test Name
2026-01-06 16:55:27,system,QUESTION_ADDED,True/False,Temp Question
2026-01-06 16:55:27,system,QUESTION_DELETED,True/False,Temp Question
2026-01-06 16:55:54,system,STUDENT_ADDED,find_test_123,Find Test
2026-01-06 16:55:54,system,STUDENT_DELETED,find_test_123,Find Test
2026-01-06 16:55:54,system,SETTINGS_CHANGED,Timer,180 seconds
2026-01-06 16:55:54,system,SETTINGS_CHANGED,Timer,Enabled
2026-01-06 16:55:54,system,SETTINGS_CHANGED,Shuffle,Enabled
2026-01-06 16:55:54,system,SETTINGS_CHANGED,Timer,10 seconds
2026-01-06 16:55:54,system,QUESTION_ADDED,True/False,Test Question
2026-01-06 16:55:54,system,QUESTION_DELETED,True/False,Test Question
2026-01-06 16:55:54,system,STUDENT_ADDED,test_999,Test User
2026-01-06 16:55:54,system,STUDENT_DELETED,test_999,Test User
2026-01-06 17:14:43,system,STUDENT_ADDED,find_test_123,Find Test
2026-01-06 17:14:43,system,STUDENT_DELETED,find_test_123,Find Test
2026-01-06 17:14:43,system,SETTINGS_CHANGED,Timer,180 seconds
2026-01-06 17:14:43,system,SETTINGS_CHANGED,Timer,Enabled
2026-01-06 17:14:43,system,SETTINGS_CHANGED,Shuffle,Enabled
2026-01-06 17:14:43,system,SETTINGS_CHANGED,Timer,10 seconds
2026-01-06 17:14:43,system,QUESTION_ADDED,True/False,Test Question
2026-01-06 17:14:43,system,QUESTION_DELETED,True/False,Test Question
2026-01-06 17:14:43,system,STUDENT_ADDED,test_999,Test User
2026-01-06 17:14:43,system,STUDENT_DELETED,test_999,Test User
