MC,Which of the following is NOT a Java primitive type?,3,EASY,int,boolean,double,String
MC,What does HTML stand for?,0,EASY,Hyper Text Markup Language,High Tech Modern Language,Hyper Transfer Markup Language,Home Tool Markup Language
MC,Which symbol is used for single-line comments in Python?,1,EASY,//,#,<!--,;
MC,What is the result of 10 % 3 in Java?,0,EASY,1,3,0,10
MC,Which data structure uses LIFO (Last In First Out)?,1,MEDIUM,Queue,Stack,Array,Linked List
MC,Which keyword is used to inherit a class in Java?,0,MEDIUM,extends,implements,inherits,super
MC,What is the default port for HTTP?,1,MEDIUM,21,80,443,8080
MC,Which SQL command is used to retrieve data?,2,MEDIUM,UPDATE,INSERT,SELECT,DELETE
MC,What is the time complexity of binary search?,1,HARD,O(n),O(log n),O(n^2),O(1)
MC,Which design pattern ensures a class has only one instance?,0,HARD,Singleton,Factory,Observer,Strategy
MC,"In Git, which command saves your changes to the local repository?",2,HARD,git add,git push,git commit,git checkout
MC,What is the primary function of the JVM?,3,HARD,Compile Java code,Debug Java code,Write Java code,Execute Java bytecode
TF,Java is a purely object-oriented language.,false,EASY
TF,Python lists are mutable.,true,EASY
TF,HTML is a programming language.,false,EASY
TF,A byte in Java can store the value 127.,true,EASY
TF,Interfaces in Java can have constructors.,false,MEDIUM
TF,"The 'static' keyword means a variable belongs to the class, not instances.",true,MEDIUM
TF,TCP is a connection-oriented protocol.,true,MEDIUM
TF,JavaScript is the same as Java.,false,MEDIUM
TF,"In Python, indentation is mandatory.",true,HARD
TF,Strings in Java are immutable.,true,HARD
FB,The standard output stream in Java is System.___.,EASY,out,OUT
FB,"To define a function in Python, use the ___ keyword.",EASY,def,DEF
FB,The tag used to create a hyperlink in HTML is ___.,EASY,a,A,<a>
FB,"In SQL, the ___ key uniquely identifies a record.",MEDIUM,primary,PRIMARY
FB,"To clone a repository in Git, use the command git ___.",MEDIUM,clone,CLONE
FB,The keyword used to create an object in Java is ___.,MEDIUM,new,NEW
FB,The process of hiding implementation details is called ___.,HARD,encapsulation,abstraction
FB,"In network security, SSL stands for Secure ___ Layer.",HARD,sockets,SOCKETS
